{"loss": 0.3124285042285919, "acc": 0.873779296875}