{"loss": 0.29308515787124634, "acc": 0.884033203125}