{"loss": 0.28717008233070374, "acc": 0.887451171875}