{"loss": 0.28628358244895935, "acc": 0.884765625}