{"loss": 1.186640739440918, "acc": 0.539306640625}