{"loss": 0.5365880131721497, "acc": 0.734619140625}