{"loss": 0.2977699339389801, "acc": 0.8853124976158142}