{"loss": 0.18846966326236725, "acc": 0.9194375276565552}